잘못된 이메일주소 골라내기

Art Venere,art@Jenere.org,256.62394383
Lenna Paprocki,lpaprocki@hotmail.com,259.688783099
Denette Foller,donette.foller@tox.net,282.32979844
Simona Morasca,simona@norasca.com,l39.51911647
Dominque Dickerson,dominque.dickerson@:Jickerson.org,167.045197551
Leota Dilliard,leota@hotmail.com,253.646335223
Sage Wieser,sage_wieser@tox.net,155.55576823
Kris Cho,kris@Jmail.com,210.794277775
Minna Amigon,minna_amigon@yahoo.com,95.47955397
Abel Maclead,amaclead@jmail.com,225.774477397
Kiley Caldarera,kiley.caldarera@aol.com,l72.957628871
Graciela Ruta,gruta@tox.net,202.68364784
Josephine Darakjy,josephine_darakjy@Jarakjy.org,178.877840188
Cammy Albares,calbares@gmail.com,290.446513401
Mattie Poquette,mattie@lol.com,283.23995223
Meaghan Garufi,meaghan@lotmail.com,227.142916195
Gladys Rim,gladys.rim@rim.org,243.459635712
Yuki Whobrey,yuki_whobrey@aol.com,l28.321717297
Fletcher Flosi,fletcher.flosi@Jahoo.com,221.394141603